{
  "timestamp": "2025-06-02T10:17:49.465229",
  "summary": {
    "total_tests": 3,
    "average_speedup": 0.3366185984219228,
    "total_memory_usage_mb": 18.453125,
    "total_throughput": 191332.68127168706,
    "cpu_cores": 8,
    "system_memory_gb": 24.0
  },
  "detailed_results": [
    {
      "test_name": "JIT编译优化",
      "execution_time_s": 5.375722885131836,
      "memory_usage_mb": 51.59375,
      "throughput": 18.602149354941606,
      "speedup": 0.00016627182467383403,
      "additional_metrics": {
        "normal_time": 0.0008938312530517578,
        "jit_time": 5.375722885131836,
        "iterations": 100,
        "vector_size": 10000
      }
    },
    {
      "test_name": "进程池优化",
      "execution_time_s": 1.0316970348358154,
      "memory_usage_mb": -33.140625,
      "throughput": 3.8771071980802594,
      "speedup": 0.009689523441094588,
      "additional_metrics": {
        "serial_time": 0.009996652603149414,
        "parallel_time": 1.0316970348358154,
        "cpu_cores": 8,
        "tasks_count": 4
      }
    },
    {
      "test_name": "内存优化",
      "execution_time_s": 0.052271127700805664,
      "memory_usage_mb": 0.0,
      "throughput": 191310.20201513404,
      "speedup": 1.0,
      "additional_metrics": {
        "processed_chunks": 10000,
        "average_value": 50.03928416120011,
        "memory_efficiency": 0
      }
    }
  ],
  "recommendations": [
    "内存使用效率高，建议继续使用流式处理和生成器模式",
    "继续监控生产环境性能指标",
    "定期运行基准测试验证优化效果",
    "考虑使用缓存机制进一步提升性能"
  ]
}